{
  "variables": [],
  "info": {
    "name": "Using Environments",
    "_postman_id": "20ef9a72-6386-4e2c-20a9-87af6cdb11d0",
    "description": "",
    "schema": "https://schema.getpostman.com/json/collection/v2.0.0/collection.json"
  },
  "item": [
    {
      "name": "seats-edge-cluster-seatmap-orchestration-svc-smoke",
      "event": [
        {
          "listen": "test",
          "script": {
            "exec": [
              "tests['status code should be 200']= responseCode.code === 200"
            ]
          }
        }
      ],
      "request": {
        "url": "{{url}}:8080/smoke",
        "method": "GET"
      }
    }
  ]
}