<?xml version="1.0" encoding="UTF-8"?>
<beans xmlns="http://www.springframework.org/schema/beans" xmlns:xsi="http://www.w3.org/2001/XMLSchema-instance"
       xmlns:task="http://www.springframework.org/schema/task"
       xmlns:context="http://www.springframework.org/schema/context"
       xsi:schemaLocation="http://www.springframework.org/schema/beans http://www.springframework.org/schema/beans/spring-beans.xsd
        http://www.springframework.org/schema/task http://www.springframework.org/schema/task/spring-task.xsd

        http://www.springframework.org/schema/context http://www.springframework.org/schema/context/spring-context.xsd">

    <context:component-scan base-package="com.sabre.seats.seatmap.orchestrationsvc"/>
    <import resource="classpath:spring/jwt-decoder-application-context.xml"/>
    <import resource="classpath:spring/connector-tpf-application-context.xml"/>

    <task:scheduler id="serviceHealthCheckScheduler" pool-size="1"/>
    <task:scheduled-tasks scheduler="serviceHealthCheckScheduler">
        <task:scheduled ref="healthCheckScheduler" method="checkAllServicesHealth" initial-delay="1000"
                        fixed-delay="60000"/>
    </task:scheduled-tasks>

   <task:scheduler id="essmSchedulerServiceId" pool-size="1"/>
    <task:scheduled-tasks scheduler="essmSchedulerServiceId">
        <task:scheduled ref="essmSchedulerService" method="schedule" fixed-delay="60000"/>
    </task:scheduled-tasks>

</beans>