{
  "acceptanceCriteria": {
    "sourceId": "applicationGit",
    "path": "configuration/files/plab/config/budget-short.yaml"
  },
  "reportData": {
    "snapshots": {
      "grafana": [
        {
          "dashboardId": "general-application-micrometer-api",
          "org": "3",
          "grafanaUrl": "https://grafana-ngp-metrics.apps.ocusw2.scs.dev.ascint.sabrecirrus.com",
          "variables": {
            "application": "${applicationName}",
            "namespace": "${tempProjectName}"
          },
          "description": "General - Micrometer API"
        },
        {
          "dashboardId": "general-application-container-metrics",
          "org": "3",
          "grafanaUrl": "https://grafana-ngp-metrics.apps.ocusw2.scs.dev.ascint.sabrecirrus.com",
          "variables": {
            "app": "${applicationName}",
            "namespace": "${tempProjectName}"
          },
          "description": "General - Container"
        }
      ],
      "expires": null
    }
  },
  "test": {
    "sources": [
      {
        "type": "git",
        "id": "applicationGit",
        "ref": "${currentCommitHash}",
        "url": "ssh://git@proxy.git.sabre.com/SEATS-EDGE/seatmap-orchestration-svc.git"
      },
      {
        "type": "git",
        "id": "plabGit",
        "ref": "master",
        "url": "ssh://git@proxy.git.sabre.com/plab/next-gen-platform.git"
      }
    ],
    "app": {
      "version": "${applicationVersion}",
      "project": "${permProjectNamespace}",
      "name": "${applicationName}"
    },
    "label": "SHORT"
  },
  "loadDrivers": {
    "ngp": {
      "namespace": "${tempProjectName}",
      "buildNumber": "${buildNumber}",
      "postTest": null,
      "podSearchString": null,
      "type": "jmeter",
      "preTest": null,
      "runTest": null,
      "container": "jmeter",
      "plabLoadDriver": {
        "usePlabLoadDriver": true,
        "stages": {
          "postTest": null,
          "preTest": null,
          "runTest": {
            "sourceId": "applicationGit",
            "testScriptForUseInPlabLoadDriver": "seatmap-orchestration-service.jmx",
            "testDirForUseInPlabLoadDriver": "configuration/files/plab/config",
            "numberOfJMeterSlavePods": 0,
            "parametersForUseInPlabLoadDriver": [
              "-Juser.classpath=/tmp/ext",
              "-Jtime_threshold=1000",
              "-JserverName=${applicationName}.${tempProjectName}.svc",
              "-JtestProtocol=http",
              "-JtestPort=8080",
              "-JrequestsPerSecond=100",
              "-JtestDurationSec=1800",
              "-JtestThreads=5"
            ]
          }
        },
        "javaVersion": null
      }
    }
  }
}