﻿2021-08-12T13:52:00.237Z,27817218,SHARMA,ANIL,PAX_TIER,3,PAX_SSR,ARMD,WCHR,1,PAX_SSR,WCHR,PAX_FAREBASIS,YF1AE,1,I0,1062,2021-09-24,MCT,AUH,Y,RESERVATION
2021-02-03T13:52:00.237Z,27817218,SHARMA,ANIL,PAX_TIER,3,PAX_SSR,ARMD,WCHR,1,PAX_SSR,WCHR,PAX_FAREBASIS,YF1AE,1,I0,1063,2021-09-24,MCT,AUH,Y,RESERVATION
2021-02-03T13:52:00.237Z,27817218,SHARMA,ANIL,PAX_TIER,3,PAX_SSR,ARMD,WCHR,1,PAX_SSR,WCHR,PAX_FAREBASIS,YF1AE,1,I0,1064,2021-09-24,MCT,AUH,Y,RESERVATION
2021-02-03T13:52:00.237Z,27817218,SHARMA,ANIL,PAX_TIER,3,PAX_SSR,ARMD,WCHR,1,PAX_SSR,WCHR,PAX_FAREBASIS,YF1AE,1,I0,1065,2021-09-24,MCT,AUH,Y,RESERVATION
2021-02-03T13:52:00.237Z,27817218,SHARMA,ANIL,PAX_TIER,3,PAX_SSR,ARMD,WCHR,1,PAX_SSR,WCHR,PAX_FAREBASIS,YF1AE,1,I0,1066,2021-09-24,MCT,AUH,Y,RESERVATION
2021-02-03T13:52:00.237Z,27817218,SHARMA,ANIL,PAX_TIER,3,PAX_SSR,ARMD,WCHR,1,PAX_SSR,WCHR,PAX_FAREBASIS,YF1AE,1,I0,1067,2021-09-24,MCT,AUH,Y,RESERVATION
2021-02-03T13:52:00.237Z,27817218,SHARMA,ANIL,PAX_TIER,3,PAX_SSR,ARMD,WCHR,1,PAX_SSR,WCHR,PAX_FAREBASIS,YF1AE,1,I0,1068,2021-09-24,MCT,AUH,Y,RESERVATION
2021-02-03T13:52:00.237Z,27817218,SHARMA,ANIL,PAX_TIER,3,PAX_SSR,ARMD,WCHR,1,PAX_SSR,WCHR,PAX_FAREBASIS,YF1AE,1,I0,1069,2021-09-24,MCT,AUH,Y,RESERVATION
2021-02-03T13:52:00.237Z,27817218,SHARMA,ANIL,PAX_TIER,3,PAX_SSR,ARMD,WCHR,1,PAX_SSR,WCHR,PAX_FAREBASIS,YF1AE,1,I0,1070,2021-09-24,MCT,AUH,Y,RESERVATION
2021-02-03T13:52:00.237Z,27817218,SHARMA,ANIL,PAX_TIER,3,PAX_SSR,ARMD,WCHR,1,PAX_SSR,WCHR,PAX_FAREBASIS,YF1AE,1,I0,1071,2021-09-24,MCT,AUH,Y,RESERVATION
2021-02-03T13:52:00.237Z,27817219,SHARMA,ANIL,PAX_TIER,3,PAX_SSR,ARMD,WCHR,1,PAX_SSR,WCHR,PAX_FAREBASIS,YF1AE,1,AA,0051,2021-08-14,LHR,DFW,Y,RESERVATION
2021-02-03T13:52:00.237Z,27817220,SHARMA,ANIL,PAX_TIER,3,PAX_SSR,ARMD,WCHR,1,PAX_SSR,WCHR,PAX_FAREBASIS,YF1AE,1,AA,0099,2021-08-14,LHR,DFW,Y,RESERVATION
2021-02-03T13:52:00.237Z,27817221,SHARMA,ANIL,PAX_TIER,3,PAX_SSR,ARMD,WCHR,1,PAX_SSR,WCHR,PAX_FAREBASIS,YF1AE,1,AA,0050,2021-08-14,LHR,DFW,Y,RESERVATION
2021-02-03T13:52:00.237Z,27817222,SHARMA,ANIL,PAX_TIER,3,PAX_SSR,ARMD,WCHR,1,PAX_SSR,WCHR,PAX_FAREBASIS,YF1AE,1,AA,0047,2021-08-14,LHR,DFW,Y,RESERVATION
2021-02-03T13:52:00.237Z,27817223,SHARMA,ANIL,PAX_TIER,3,PAX_SSR,ARMD,WCHR,1,PAX_SSR,WCHR,PAX_FAREBASIS,YF1AE,1,AA,0091,2021-08-14,LHR,DFW,Y,RESERVATION
2021-02-03T13:52:00.237Z,27817224,SHARMA,ANIL,PAX_TIER,3,PAX_SSR,ARMD,WCHR,1,PAX_SSR,WCHR,PAX_FAREBASIS,YF1AE,1,AA,2847,2021-08-14,LHR,DFW,Y,RESERVATION
2021-02-03T13:52:00.237Z,27817225,SHARMA,ANIL,PAX_TIER,3,PAX_SSR,ARMD,WCHR,1,PAX_SSR,WCHR,PAX_FAREBASIS,YF1AE,1,AA,0361,2021-08-14,LHR,DFW,Y,RESERVATION
2021-02-03T13:52:00.237Z,27817226,SHARMA,ANIL,PAX_TIER,3,PAX_SSR,ARMD,WCHR,1,PAX_SSR,WCHR,PAX_FAREBASIS,YF1AE,1,AA,0883,2021-08-14,LHR,DFW,Y,RESERVATION
2021-02-03T13:52:00.237Z,27817227,SHARMA,ANIL,PAX_TIER,3,PAX_SSR,ARMD,WCHR,1,PAX_SSR,WCHR,PAX_FAREBASIS,YF1AE,1,AA,0806,2021-08-14,LHR,DFW,Y,RESERVATION
2021-02-03T13:52:00.237Z,27817228,SHARMA,ANIL,PAX_TIER,3,PAX_SSR,ARMD,WCHR,1,PAX_SSR,WCHR,PAX_FAREBASIS,YF1AE,1,AA,0086,2021-08-14,LHR,DFW,Y,RESERVATION
