<configuration>
    <shutdownHook class="ch.qos.logback.core.hook.DelayingShutdownHook"/>

    <springProperty name="ngp.logging.event.pattern" source="ngp.logging.event.pattern"/>
    <springProperty name="ngp.logging.console.pattern" source="ngp.logging.console.pattern"/>
    <springProperty name="ngp.logging.appender.waitStrategyType" source="ngp.logging.appender.waitStrategyType"/>
    <springProperty name="ngp.logging.encoder.includeCallerData" source="ngp.logging.encoder.includeCallerData"/>
    <springProperty name="ngp.logging.encoder.includeMdc" source="ngp.logging.encoder.includeMdc"/>

    <springProfile name="local">
        <include resource="org/springframework/boot/logging/logback/defaults.xml"/>
        <appender name="asyncSTDOUT" class="ch.qos.logback.classic.AsyncAppender">
            <appender name="CONSOLE" class="ch.qos.logback.core.ConsoleAppender">
                <encoder>
                    <pattern>${ngp.logging.console.pattern}</pattern>
                    <charset>utf8</charset>
                </encoder>
            </appender>
        </appender>
    </springProfile>
    <springProfile name="!local">
        <appender name="asyncSTDOUT" class="net.logstash.logback.appender.LoggingEventAsyncDisruptorAppender">
            <waitStrategyType>${ngp.logging.appender.waitStrategyType}</waitStrategyType>
            <includeCallerData>${ngp.logging.encoder.includeCallerData}</includeCallerData>
            <appender name="CONSOLE" class="ch.qos.logback.core.ConsoleAppender">
                <Target>System.out</Target>
                <encoder class="net.logstash.logback.encoder.LogstashEncoder">
                    <includeCallerData>${ngp.logging.encoder.includeCallerData}</includeCallerData>
                    <provider class="net.logstash.logback.composite.loggingevent.LoggingEventPatternJsonProvider">
                        <pattern>
                            ${ngp.logging.event.pattern}
                        </pattern>
                    </provider>
                    <fieldNames>
                        <message>[ignore]</message>
                    </fieldNames>
                    <provider class="net.logstash.logback.composite.loggingevent.ArgumentsJsonProvider"/>
                    <includeMdc>${ngp.logging.encoder.includeMdc}</includeMdc>
                    <version>1</version>
                </encoder>
            </appender>
        </appender>
    </springProfile>

    <root level="INFO">
        <appender-ref ref="asyncSTDOUT"/>
    </root>
</configuration>